"0","hello_world <- function(raw_name, class_day, current_time = Sys.time()){"
"0","  # Convert the string to a POSIXct object"
"0","  date_time <- as.POSIXct(current_time, format=""%Y-%m-%d %H:%M:%OS"")"
"0","  # Format the POSIXct object to only include date and time up to minutes"
"0","  display_time <- format(date_time, ""%Y-%m-%d %H:%M"")"
"0","  current_hour <- as.numeric(format(current_time, ""%H""))"
"0","  # Format raw_name to have the first letter capitalized and the rest lowercase"
"0","  name <- str_to_title(raw_name)"
"0","  # Assign random greeting"
"0","  greeting <- random_greeting()"
"0","  # Assign time of day based on current hour"
"0","  time_of_day <- time_transfer(current_hour)"
"0","  # Calculate days to class"
"0","  days_remain <- days_to_class(class_day)"
"0","  if (days_remain == 0){"
"0","    return(paste0(greeting, "" "", name, "", good "", time_of_day, ""! "", ""It is "", display_time, "". "", ""You are having class today!""))"
"0","  }"
"0","  else if (days_remain == 1){"
"0","    return(paste0(greeting, "" "", name, "", good "", time_of_day, ""! "", ""It is "", display_time, "". "", ""You have class tomorrow!""))"
"0","  }"
"0","  else{"
"0","    return(paste0(greeting, "" "", name, "", good "", time_of_day, ""! "", ""It is "", display_time, "". "", ""You have "", days_remain, "" days until class.""))"
"0","  }"
"0","}"
